EVENT_ID,CZ_NAME_STR,BEGIN_LOCATION,BEGIN_DATE,BEGIN_TIME,EVENT_TYPE,MAGNITUDE,TOR_F_SCALE,DEATHS_DIRECT,INJURIES_DIRECT,DAMAGE_PROPERTY_NUM,DAMAGE_CROPS_NUM,STATE_ABBR,CZ_TIMEZONE,MAGNITUDE_TYPE,EPISODE_ID,CZ_TYPE,CZ_FIPS,WFO,INJURIES_INDIRECT,DEATHS_INDIRECT,SOURCE,FLOOD_CAUSE,TOR_LENGTH,TOR_WIDTH,BEGIN_RANGE,BEGIN_AZIMUTH,END_RANGE,END_AZIMUTH,END_LOCATION,BEGIN_LAT,BEGIN_LON,END_LAT,END_LON,EVENT_NARRATIVE,EPISODE_NARRATIVE,ABSOLUTE_ROWNUMBER
797314,COOK (ZONE), ,01/18/2019,2030,Winter Storm, , ,0,0,0,0,IL,CST-6, ,133268,Z,14,LOT,0,0,Trained Spotter, , , , , , , , , , , , ,"","Heavy snow developed over northern Illinois during the evening of January 18th and continued through the late morning of January 19th.  A 63 year old male died while shoveling snow in Lake County, Illinois.  Storm total snowfall amounts included 10.3 inches two miles east of Lincolnwood; 10.0 inches in McHenry; 9.1 inches in Waukegan; 9.0 inches one mile north of Algonquin; 9.0 inches one mile south of Highwood; 8.5 inches in Libertyville; 8.5 inches in Palatine; 8.5 inches in Mundelein; 8.5 inches in Barrington; 8.3 inches in Wadsworth; 7.9 inches in Genoa; 7.7 inches in Lake Zurich; 7.0 inches in Elburn; 6.7 inches in Burr Ridge; 6.3 inches at the Rockford Airport; 6.1 inches in De Kalb; 6.0 inches in Downers Grove; 6.0 inches in Ashton and 5.0 inches at Chicago O'Hare Airport.",1
802699,COOK (ZONE), ,01/22/2019,900,Winter Weather, , ,0,0,0,0,IL,CST-6, ,134080,Z,14,LOT,0,0,ASOS, , , , , , , , , , , , ,"","Freezing rain and freezing drizzle developed across portions of northern Illinois during the morning of January 22nd and continued into the evening.  The freezing rain mixed with snow at times and transitioned to mainly rain by early Wednesday morning, January 23rd, across parts of the Chicago Metro area but transitioned to mainly snow across northwest Illinois.  A semi slid off Interstate 39 between Rochelle and Rockford during the early afternoon of January 22nd due to the icy conditions.  Ice accumulation amounts included 0.32 inches at the Sugar Grove Airport (ARR); 0.26 inches at the DuPage Airport (DPA); 0.16 inches at O'Hare Airport (ORD); 0.16 inches at Waukegan (UGN); 0.14 inches at the Wheeling Airport (PWK) and 0.04 inches at the Rockford Airport (0.04).  Storm total snow amounts included 5.7 inches at the Rockford Airport; 5.5 inches in Mount Morris; 5.1 inches in Genoa; 5.0 inches one mile southwest of Harvard; 4.5 inches in Highwood; 3.8 inches in McHenry and 1.5 inches at Chicago O'Hare Airport.",2
803950,COOK (ZONE), ,01/29/2019,2251,Extreme Cold/Wind Chill, , ,0,0,0,0,IL,CST-6, ,134259,Z,14,LOT,0,0,ASOS, , , , , , , , , , , , ,"","Extremely cold air moved across northern Illinois during the evening of January 29th and continued through midday on January 31st.  Air temperatures were below zero for 52 consecutive hours at Chicago O'Hare Airport, making it the 4th longest stretch of hours below zero at Chicago.  Chicago O'Hare set a daily record low of -23 on the morning of January 30th and -21 on the morning of January 31st.  Rockford set their all time record low temperature of -31 on the morning of January 31st, with a low of -25 on the morning of January 30th and -16 on the evening of January 29th.  Air temperatures were below zero for 57 consecutive hours at Rockford Airport, making it the 9th longest stretch of hours below zero at Rockford.||Other low temperatures on the morning of January 31st included: -32 at Sugar Grove (ARR); -31 at Rochelle (RPJ); -29 at West Chicago (DPA); -28 at Barrington; -25 at DeKalb (DKB); -24 at Lansing (IGQ); -23 at Waukegan; -23 at Joliet (JOT) and -22 at Dwight.||The lowest wind chills occurred during the morning of January 30th.  The lowest observed wind chills were -56 at DeKalb; -55 at West Chicago; -54 at Pontiac, Rochelle and Sugar Grove; -53 at Morris, Peru and Romeoville; -52 at Chicago O'Hare and Kankakee; -51 at Chicago Midway, Rockford Airport, Lansing; -50 at Chicago Northerly Island; -48 at Wheeling and -45 at Joliet and Waukegan.",3
806006,COOK (ZONE), ,02/05/2019,1815,Winter Weather, , ,0,0,0,0,IL,CST-6, ,134514,Z,14,LOT,0,0,ASOS, , , , , , , , , , , , ,"","Areas of freezing rain with embedded scattered thunderstorms moved across northern Illinois during the afternoon and evening of February 5th.  Air temperatures were near to slightly below freezing with ice accumulation across much of the area.  The highest ice accumulation amounts were generally along and north of Interstate 88.  The freezing rain intensity of moderate to heavy at times limited how much ice accumulated on surfaces.  Some sleet also mixed in with the freezing rain across far northern Illinois.  Storm total ice accumulation amounts included 0.28 inches at the Waukegan Airport (UGN); 0.25 inches in McHenry; 0.25 inches in Elgin; 0.25 inches in DeKalb; 0.19 inches at the Aurora/Sugar Grove Airport (ARR); 0.14 inches at the DuPage Airport (DPA); 0.13 inches at Rockford Airport (RFD); 0.04 inches at Chicago Executive Airport (PWK) and 0.03 inches at Chicago O'Hare Airport (ORD).  Sleet amounts included 0.8 inches at Rockford Airport and 0.4 inches four miles northwest of Crystal Lake.",4
807684,COOK (ZONE), ,02/11/2019,1615,Ice Storm, , ,0,0,0,0,IL,CST-6, ,134515,Z,14,LOT,0,0,ASOS, , , , , , , , , , , , ,"","Freezing rain developed during the afternoon of February 11th and continued through the morning of February 12th, causing significant ice accumulations across all of northern Illinois.  Damage to tree limbs and power lines were reported in some areas.  Storm total ice accumulations included 0.54 inches in DeKalb; 0.50 inches in Oswego, Plainfield, Bolingbrook and McHenry; 0.50 inches at the Aurora/Sugar Grove Airport (ARR); 0.46 inches at Chicago Midway Airport (MDW); 0.44 inches three miles southwest of Midway Airport; 0.44 inches at Chicago O'Hare Airport (ORD); 0.42 inches at Dupage Airport (DPA); 0.40 inches near Newark; 0.34 inches at Rockford Airport (RFD); 0.25 inches near in Downers Grove, Channahon, Peotone and Manteno and 0.07 inches at Waukegan Airport (UGN).",5
809262,COOK (ZONE), ,02/17/2019,500,Winter Weather, , ,0,0,0,0,IL,CST-6, ,135042,Z,14,LOT,0,0,ASOS, , , , , , , , , , , , ,"","Snow fell across northern Illinois from the morning of February 17th through the morning of February 18th.  A mixture of freezing rain and snow developed during the afternoon of February 17th in parts of the Chicago Metro area.  Hospitals in those areas reported a spike in the number of slip and fall related injuries on February 17th with the ice covered by snow in many areas.  Most of the people who were injured were able to be treated and released.  Ice accumulation amounts included 0.09 inches at Dupage Airport (DPA); 0.08 inches at the Aurora/Sugar Grove Airport (ARR); 0.06 inches at the Chicago Executive Airport (PWK) and 0.05 inches at Waukegan Airport (UGN).  The highest snowfall amounts were confined to an area in far northern Illinois and fell over a 24 to 30 hour period.  Those snowfall totals included 8.7 inches two miles north of Buffalo Grove; 8.2 inches one mile northeast of Riverwoods; 7.9 inches two miles south southwest of Genoa; 7.8 inches in Highwood; 7.0 inches one mile northeast of Palatine; 7.0 inches in Wheeling and 6.8 inches in Northbrook.  Chicago O'Hare Airport (ORD) measured 4.9 inches and Rockford Airport (RFD) measured 3.8 inches.",6
809285,COOK (ZONE), ,02/24/2019,800,High Wind,54.00, ,0,0,25000,0,IL,CST-6,MG,135046,Z,14,LOT,0,0,ASOS, , , , , , , , , , , , ,"","Very strong and gusty winds developed during the morning hours of February 24th and continued into the evening hours.  Wind gusts between 55 mph and 65 mph were common during this time period which resulted in numerous tree limbs and power lines being blown down.  Some roof damage and uprooted trees were also reported.  In Will County, a semi truck was blown over near the intersection of Ridge Road and Route 126 and another semi truck was blown over on Interstate 57 at the Peotone exit.  In LaSalle County, a semi truck was blown over on Interstate 39 at mile marker 61, blocking both northbound lanes.  In Kankakee County, an entire gas station canopy was blown over near Bradley.  In Ogle County, part of a roof was blown onto Route 38 near Rochelle.  Peak wind gusts included 64 mph near Bolingbrook, Harvard and at the Aurora/Sugar Grove Airport (ARR); 63 mph three miles east of Antioch; 62 mph in Wheeling; 60 mph at Chicago O'Hare Airport (ORD); 60 mph in Sycamore and at the Peru Airport (VYS); 59 mph at Chicago Midway Airport (MDW); 58 mph at Dupage Airport (DPA) and 58 mph at Morris Airport (C09).",7
812441,COOK (ZONE), ,03/14/2019,1404,High Wind,52.00, ,0,0,0,0,IL,CST-6,MG,135460,Z,14,LOT,0,0,ASOS, , , , , , , , , , , , ,"","Strong to severe thunderstorms moved across eastern and northeastern Illinois during the morning and afternoon of March 14th.  Strong non-thunderstorm winds developed after the thunderstorms ended when winds gusted to 60 mph at Chicago O'Hare Airport.",8
813753,COOK (ZONE), ,04/14/2019,615,Winter Storm, , ,0,0,0,0,IL,CST-6, ,135599,Z,14,LOT,0,0,Trained Spotter, , , , , , , , , , , , ,"","A late season winter storm produced heavy snow across portions of northern Illinois with a swath of 5 to 9 inches.  Strong winds gusting to 35 mph and visibility frequently below one half mile produced near blizzard conditions in many areas.  Over 1,000 flights were cancelled at Chicago O'Hare Airport.  Storm total snowfall amounts included 8.5 inches in Woodstock; 8.3 inches near Wonder Lake; 8.0 inches in Sycamore, near Algonquin and 2.5 miles west northwest of Bull Valley; 7.5 inches in De Kalb, Huntley, one mile south of Elburn, one mile south southwest of Lake Villa and six miles northwest of St. Charles; 7.2 inches 2.5 miles west of Elgin; 7.1 inches in McHenry; 7.0 inches in Mendota, two miles northeast of Somonauk and five miles northwest of Woodstock; 6.8 inches in Mundelein and St. Charles; 6.4 inches in La Salle; 6.3 inches in Hebron; 6.1 inches in Earlville; 6.0 inches in Lake Zurich and Crystal Lake and 5.4 inches at Chicago O'Hare Airport (ORD).",9
818851,COOK (ZONE), ,04/27/2019,1100,Winter Weather, , ,0,0,0,0,IL,CST-6, ,136428,Z,14,LOT,0,0,Trained Spotter, , , , , , , , , , , , ,"","A late season winter storm moved across northern Illinois on April 27th which produced 3 to 6 inches of snow.  Storm total snowfall amounts included 6.0 inches six miles northwest of St. Charles; 5.8 inches three miles north of Campton Hills; 5.5 inches in Belvidere; 5.3 inches 4.6 miles west of Hoffman Estates; 5.1 inches south southwest of Medinah; 5.1 inches 1.6 miles east southeast of Roscoe; 5.0 inches near St. Charles and two miles north northeast of Wheaton; 4.9 inches near Gilberts and in Huntley; 4.8 inches in Palatine; 4.5 inches at Lake Zurich; 4.3 inches in Pingree Grove and one mile north of Bryon; 4.0 inches near Algonquin, Machesney Park, Capron and two miles east of Schaumburg; 3.9 inches in Northbrook; 3.5 inches near South Elgin and near Arlington Heights; 3.3 inches in Round Lake and 3.1 inches in Libertyville.  Storm total snowfall at Rockford Airport (RFD) was 3.7 inches and at Chicago O'Hare Airport (ORD) was 2.5 inches.  Both of these totals were the most snowfall measured at both locations this late in the season.",10
828542,COOK CO.,ORLAND PARK,05/01/2019,0,Flood, , ,0,0,0,0,IL,CST-6, ,136534,C,31,LOT,0,0,Broadcast Media,Heavy Rain, , ,1,W,2,SW,ORLAND PARK,41.631,-87.8942,41.6143,-87.8942,"Wolf Road was closed due to flooding between 151st and 143rd Streets.","A period of heavy rain fell on April 30th with another period of heavy rain during the early morning of May 1st, which caused flooding in many areas of Dupage and Cook counties and in some areas of Will and Kankakee Counties.",11
828540,COOK CO.,SHOREWOOD VLG,05/01/2019,0,Flood, , ,0,0,0,0,IL,CST-6, ,136534,C,31,LOT,0,0,Broadcast Media,Heavy Rain, , ,0,N,0,N,SHOREWOOD VLG,42.054,-87.8703,42.053,-87.8703,"Golf Road was flooded at the underpass between Interstate 294 and River Road.","A period of heavy rain fell on April 30th with another period of heavy rain during the early morning of May 1st, which caused flooding in many areas of Dupage and Cook counties and in some areas of Will and Kankakee Counties.",12
828570,COOK CO.,LAMBERT,05/01/2019,0,Flood, , ,0,0,0,0,IL,CST-6, ,136534,C,31,LOT,0,0,Broadcast Media,Heavy Rain, , ,1,NNW,1,NNW,LAMBERT,41.6965,-87.8436,41.6958,-87.8436,"Flooding caused 107th Street to be closed near Moraine Valley Community College.","A period of heavy rain fell on April 30th with another period of heavy rain during the early morning of May 1st, which caused flooding in many areas of Dupage and Cook counties and in some areas of Will and Kankakee Counties.",13
828563,COOK CO.,VILLA WEST,05/01/2019,0,Flood, , ,0,0,0,0,IL,CST-6, ,136534,C,31,LOT,0,0,Broadcast Media,Heavy Rain, , ,2,NW,1,NE,ORLAND PARK,41.6455,-87.8449,41.6455,-87.851,"Flooding caused 135th Street to be closed west of Southwest Highway.","A period of heavy rain fell on April 30th with another period of heavy rain during the early morning of May 1st, which caused flooding in many areas of Dupage and Cook counties and in some areas of Will and Kankakee Counties.",14
828559,COOK CO.,MATTESON,05/01/2019,0,Flood, , ,0,0,0,0,IL,CST-6, ,136534,C,31,LOT,0,0,Broadcast Media,Heavy Rain, , ,1,WSW,1,WSW,MATTESON,41.4951,-87.7136,41.4939,-87.7136,"Governors Highway was closed between Route 30 and Sauk Trail due to flooding under a railroad bridge.","A period of heavy rain fell on April 30th with another period of heavy rain during the early morning of May 1st, which caused flooding in many areas of Dupage and Cook counties and in some areas of Will and Kankakee Counties.",15
819383,COOK CO.,CHICAGO RIDGE,05/16/2019,2132,Hail,0.75, ,0,0,0,0,IL,CST-6, ,136538,C,31,LOT,0,0,Trained Spotter, , , ,0,N,0,N,CHICAGO RIDGE,41.7,-87.78,41.7,-87.78,"","Scattered thunderstorms moved across northern Illinois during the evening of May 16th into the early morning of May 17th producing mainly large hail.",16
819528,COOK CO.,AVONDALE,05/17/2019,1,Hail,1.50, ,0,0,0,0,IL,CST-6, ,136538,C,31,LOT,0,0,Public, , , ,2,ESE,2,ESE,AVONDALE,41.96,-87.65,41.96,-87.65,"","Scattered thunderstorms moved across northern Illinois during the evening of May 16th into the early morning of May 17th producing mainly large hail.",17
819543,COOK CO.,AVONDALE,05/19/2019,1237,Thunderstorm Wind,61.00, ,0,0,20000,0,IL,CST-6,EG,136543,C,31,LOT,0,0,Law Enforcement, , , ,2,NW,2,NNW,AVONDALE,41.99,-87.7,42,-87.69,"Numerous trees, tree limbs and power lines were blown down in a several block area southwest of Rogers Park.  A light pole was also blown over.  Several streets were completed blocked by the downed trees.  Three vehicles were damaged by falling trees.  One was a van which was crushed.","Scattered thunderstorms moved across northeast Illinois during the afternoon of May 19th producing mainly wind damage.",18
825830,COOK CO.,HASTINGS,05/27/2019,1323,Hail,1.50, ,0,0,0,0,IL,CST-6, ,136549,C,31,LOT,0,0,Public, , , ,1,SSE,1,SSE,HASTINGS,41.66,-87.96,41.66,-87.96,"Hail was estimated between 1 and 1.5 inch diameter.","Severe thunderstorms moved across northern Illinois during the afternoon of May 27th producing large hail, wind damage and four tornadoes.",19
825831,COOK CO.,HASTINGS,05/27/2019,1325,Thunderstorm Wind,55.00, ,0,0,0,0,IL,CST-6,EG,136549,C,31,LOT,0,0,Public, , , ,1,SSE,1,SSE,HASTINGS,41.66,-87.96,41.66,-87.96,"A tree was uprooted and numerous tree limbs were blown down.  Some roads were nearly impassable.","Severe thunderstorms moved across northern Illinois during the afternoon of May 27th producing large hail, wind damage and four tornadoes.",20
827327,COOK CO.,VILLA WEST,05/27/2019,1335,Thunderstorm Wind,50.00, ,0,0,0,0,IL,CST-6,EG,136549,C,31,LOT,0,0,Emergency Manager, , , ,1,WSW,1,WSW,VILLA WEST,41.628,-87.8293,41.628,-87.8293,"A section of a tree snapped off and fell onto a house in the 8600 block of 145th Street.","Severe thunderstorms moved across northern Illinois during the afternoon of May 27th producing large hail, wind damage and four tornadoes.",21
827333,COOK CO.,PALOS HILLS,05/27/2019,1339,Hail,1.50, ,0,0,0,0,IL,CST-6, ,136549,C,31,LOT,0,0,Fire Department/Rescue, , , ,1,N,1,N,PALOS HILLS,41.7095,-87.8021,41.7095,-87.8021,"Hail 1.5 inches in diameter was reported at Bridgeview fire station #2.","Severe thunderstorms moved across northern Illinois during the afternoon of May 27th producing large hail, wind damage and four tornadoes.",22
827334,COOK CO.,PALOS HILLS,05/27/2019,1339,Thunderstorm Wind,55.00, ,0,0,0,0,IL,CST-6,EG,136549,C,31,LOT,0,0,Fire Department/Rescue, , , ,1,N,2,NW,GARDEN HOMES,41.7095,-87.8021,41.6973,-87.7392,"Damage to trees and powerlines was reported along Harlem and Cicero Avenues between 103rd and 111th streets.","Severe thunderstorms moved across northern Illinois during the afternoon of May 27th producing large hail, wind damage and four tornadoes.",23
825829,COOK CO.,OAK LAWN,05/27/2019,1344,Thunderstorm Wind,55.00, ,0,0,0,0,IL,CST-6,EG,136549,C,31,LOT,0,0,Social Media, , , ,0,N,0,N,OAK LAWN,41.72,-87.75,41.72,-87.75,"Large trees and tree limbs were blown down, some blocking roads.","Severe thunderstorms moved across northern Illinois during the afternoon of May 27th producing large hail, wind damage and four tornadoes.",24
825828,COOK CO.,GARDEN HOMES,05/27/2019,1345,Thunderstorm Wind,50.00, ,0,0,0,0,IL,CST-6,EG,136549,C,31,LOT,0,0,Broadcast Media, , , ,1,WNW,1,WNW,GARDEN HOMES,41.6907,-87.7438,41.6907,-87.7438,"The canopy of a gas station on 111th street was blown over.","Severe thunderstorms moved across northern Illinois during the afternoon of May 27th producing large hail, wind damage and four tornadoes.",25
827494,COOK CO.,PALOS HILLS,05/27/2019,1345,Flood, , ,0,0,0,0,IL,CST-6, ,136549,C,31,LOT,0,0,Public,Heavy Rain, , ,0,ENE,1,N,CHICAGO RIDGE,41.7014,-87.7935,41.7129,-87.7772,"Flooding was reported along Southwest Highway in Chicago Ridge.","Severe thunderstorms moved across northern Illinois during the afternoon of May 27th producing large hail, wind damage and four tornadoes.",26
826154,COOK CO.,BEVERLY HILLS,05/27/2019,1346,Thunderstorm Wind,55.00, ,0,0,0,0,IL,CST-6,EG,136549,C,31,LOT,0,0,Emergency Manager, , , ,1,W,1,W,BEVERLY HILLS,41.7207,-87.7017,41.7207,-87.7017,"Numerous trees and power lines were blown down near and around the 19th Ward and Evergreen Park.","Severe thunderstorms moved across northern Illinois during the afternoon of May 27th producing large hail, wind damage and four tornadoes.",27
827495,COOK CO.,HICKORY HILLS,05/27/2019,1400,Flood, , ,0,0,0,0,IL,CST-6, ,136549,C,31,LOT,0,0,Social Media,Heavy Rain, , ,0,W,1,WSW,HICKORY HILLS,41.7193,-87.8292,41.7174,-87.8292,"Minor street flooding and filling of retention ponds was reported near 95th Street and 84th Avenue.","Severe thunderstorms moved across northern Illinois during the afternoon of May 27th producing large hail, wind damage and four tornadoes.",28
826156,COOK CO.,STEGER,05/27/2019,1506,Thunderstorm Wind,50.00, ,0,0,0,0,IL,CST-6,EG,136549,C,31,LOT,0,0,Law Enforcement, , , ,1,SW,1,SW,STEGER,41.4604,-87.641,41.4604,-87.641,"Shingle damage was reported to a roof along Park Avenue.","Severe thunderstorms moved across northern Illinois during the afternoon of May 27th producing large hail, wind damage and four tornadoes.",29
826157,COOK CO.,PARK FOREST,05/27/2019,1506,Hail,1.25, ,0,0,0,0,IL,CST-6, ,136549,C,31,LOT,0,0,Trained Spotter, , , ,0,N,0,N,PARK FOREST,41.48,-87.68,41.48,-87.68,"","Severe thunderstorms moved across northern Illinois during the afternoon of May 27th producing large hail, wind damage and four tornadoes.",30
826162,COOK CO.,CHICAGO HAMMOND ARPT,05/27/2019,1515,Heavy Rain, , ,0,0,0,0,IL,CST-6, ,136549,C,31,LOT,0,0,AWOS, , , ,1,N,1,N,CHICAGO HAMMOND ARPT,41.5413,-87.5282,41.5413,-87.5282,"Rainfall of 0.97 inches was measured in 20 minutes.","Severe thunderstorms moved across northern Illinois during the afternoon of May 27th producing large hail, wind damage and four tornadoes.",31
819556,COOK CO.,SAUK VLG,05/27/2019,1527,Tornado, ,EF0,0,0,0,0,IL,CST-6, ,136549,C,31,LOT,0,0,Law Enforcement, ,0.84,50,2,E,2,ENE,SAUK VLG,41.4825,-87.5464,41.4903,-87.5339,"A brief tornado moved through part of Sauk Village producing minor roof damage.  A light pole was blown down onto a car.","Severe thunderstorms moved across northern Illinois during the afternoon of May 27th producing large hail, wind damage and four tornadoes.",32
827337,COOK CO.,BURBANK,05/27/2019,1715,Heavy Rain, , ,0,0,0,0,IL,CST-6, ,136549,C,31,LOT,0,0,COOP Observer, , , ,1,NW,1,NW,BURBANK,41.74,-87.78,41.74,-87.78,"Storm total rainfall of 2.56 inches was measured.","Severe thunderstorms moved across northern Illinois during the afternoon of May 27th producing large hail, wind damage and four tornadoes.",33
829173,COOK CO.,BROOKFIELD,06/01/2019,1433,Hail,0.88, ,0,0,0,0,IL,CST-6, ,137960,C,31,LOT,0,0,Trained Spotter, , , ,0,N,0,N,BROOKFIELD,41.82,-87.83,41.82,-87.83,"","Scattered thunderstorms moved across portions of northern Illinois during the afternoon of June 1st producing mainly large hail.",34
829176,COOK CO.,BERWYN,06/01/2019,1436,Hail,1.50, ,0,0,0,0,IL,CST-6, ,137960,C,31,LOT,0,0,Social Media, , , ,0,N,0,N,BERWYN,41.85,-87.75,41.85,-87.75,"","Scattered thunderstorms moved across portions of northern Illinois during the afternoon of June 1st producing mainly large hail.",35
829180,COOK CO.,RIVER FOREST,06/01/2019,1456,Hail,1.25, ,0,0,0,0,IL,CST-6, ,137960,C,31,LOT,0,0,Social Media, , , ,1,SW,1,SW,RIVER FOREST,41.87,-87.8,41.87,-87.8,"","Scattered thunderstorms moved across portions of northern Illinois during the afternoon of June 1st producing mainly large hail.",36
829181,COOK CO.,DEERING,06/01/2019,1503,Hail,0.88, ,0,0,0,0,IL,CST-6, ,137960,C,31,LOT,0,0,Trained Spotter, , , ,1,W,1,W,DEERING,41.93,-87.69,41.93,-87.69,"","Scattered thunderstorms moved across portions of northern Illinois during the afternoon of June 1st producing mainly large hail.",37
829190,COOK CO.,HOMETOWN,06/01/2019,1512,Hail,1.00, ,0,0,0,0,IL,CST-6, ,137960,C,31,LOT,0,0,Public, , , ,1,ENE,1,ENE,HOMETOWN,41.7355,-87.7121,41.7355,-87.7121,"","Scattered thunderstorms moved across portions of northern Illinois during the afternoon of June 1st producing mainly large hail.",38
829182,COOK CO.,(CGX)MEIGS FLD CHICA,06/01/2019,1513,Hail,0.88, ,0,0,0,0,IL,CST-6, ,137960,C,31,LOT,0,0,NWS Employee, , , ,2,SW,2,SW,(CGX)MEIGS FLD CHICA,41.85,-87.62,41.85,-87.62,"","Scattered thunderstorms moved across portions of northern Illinois during the afternoon of June 1st producing mainly large hail.",39
829205,COOK CO.,PALATINE,06/01/2019,1650,Hail,0.88, ,0,0,0,0,IL,CST-6, ,137960,C,31,LOT,0,0,Public, , , ,1,NNE,1,NNE,PALATINE,42.12,-88.04,42.12,-88.04,"","Scattered thunderstorms moved across portions of northern Illinois during the afternoon of June 1st producing mainly large hail.",40
829208,COOK CO.,ENGLEWOOD,06/01/2019,1715,Flood, , ,0,0,0,0,IL,CST-6, ,137960,C,31,LOT,0,0,Emergency Manager,Heavy Rain, , ,1,E,1,E,ENGLEWOOD,41.7805,-87.63,41.7796,-87.63,"Minor flooding of an underpass was reported at S State and 63rd Streets.","Scattered thunderstorms moved across portions of northern Illinois during the afternoon of June 1st producing mainly large hail.",41
830484,COOK CO.,AVONDALE,06/05/2019,110,Flood, , ,0,0,0,0,IL,CST-6, ,137981,C,31,LOT,0,0,Public,Heavy Rain, , ,1,E,2,NE,DEERING,41.9705,-87.6512,41.9535,-87.6472,"Flood waters over one foot deep covered low spots of Lake Shore Drive between Irving Park Road and Lawrence Avenue.","Scattered thunderstorms moved across portions of northern Illinois during the early morning hours of June 5th causing areas of flooding and some wind damage.",42
830487,COOK CO.,NORTHBROOK,06/05/2019,120,Flood, , ,0,0,0,0,IL,CST-6, ,137981,C,31,LOT,0,0,Fire Department/Rescue,Heavy Rain, , ,0,N,0,N,NORTHBROOK,42.1362,-87.8313,42.1353,-87.8309,"Heavy rain caused an area of localized flooding near a clogged drainage pipe at the intersection of Thornwood Lane and Meadow Road.  Motorists in a stalled vehicle were assisted by the fire department.","Scattered thunderstorms moved across portions of northern Illinois during the early morning hours of June 5th causing areas of flooding and some wind damage.",43
830950,COOK (ZONE), ,06/13/2019,1000,Coastal Flood, , ,0,0,0,0,IL,CST-6, ,138188,Z,14,LOT,0,0,Emergency Manager, , , , , , , , , , , , ,"","Strong winds produced high waves along the Illinois shore of Lake Michigan.  These high waves combined with high lake levels produced lakeshore flooding in portions of Chicago.  The Chicago Lakefront Trail was closed from Fullerton Avenue to Ohio Street due to flooding.  Montrose Beach was completely inundated.",44
830983,COOK CO.,DEERING,06/25/2019,1540,Hail,1.00, ,0,0,0,0,IL,CST-6, ,138251,C,31,LOT,0,0,Social Media, , , ,1,W,1,W,DEERING,41.93,-87.69,41.93,-87.69,"","Scattered thunderstorms moved across parts of northeast Illinois during the afternoon of July 25th.",45
830986,COOK CO.,CLYBOURN,06/25/2019,1542,Hail,0.88, ,0,0,0,0,IL,CST-6, ,138251,C,31,LOT,0,0,Social Media, , , ,2,E,2,E,CLYBOURN,41.92,-87.63,41.92,-87.63,"","Scattered thunderstorms moved across parts of northeast Illinois during the afternoon of July 25th.",46
830987,COOK CO.,DEERING,06/25/2019,1544,Thunderstorm Wind,50.00, ,0,0,0,0,IL,CST-6,EG,138251,C,31,LOT,0,0,Social Media, , , ,2,NE,2,NE,DEERING,41.95,-87.65,41.95,-87.65,"A tree limb was blown down.","Scattered thunderstorms moved across parts of northeast Illinois during the afternoon of July 25th.",47
834557,COOK CO.,STREAMWOOD,06/26/2019,1831,Hail,2.00, ,0,0,0,0,IL,CST-6, ,138780,C,31,LOT,0,0,Trained Spotter, , , ,0,N,0,N,STREAMWOOD,42.03,-88.17,42.03,-88.17,"","Scattered thunderstorms developed across northern Illinois during the evening hours of June 26th producing large hail and wind damage.  These thunderstorms then produced heavy rain which caused flash flooding in the southern suburbs of the Chicago Metro area into the early morning hours of June 27th.",48
834558,COOK CO.,HOFFMAN ESTATES,06/26/2019,1835,Hail,1.50, ,0,0,0,0,IL,CST-6, ,138780,C,31,LOT,0,0,Emergency Manager, , , ,2,S,2,S,HOFFMAN ESTATES,42.02,-88.12,42.02,-88.12,"","Scattered thunderstorms developed across northern Illinois during the evening hours of June 26th producing large hail and wind damage.  These thunderstorms then produced heavy rain which caused flash flooding in the southern suburbs of the Chicago Metro area into the early morning hours of June 27th.",49
834575,COOK CO.,MATTESON,06/26/2019,1955,Thunderstorm Wind,55.00, ,0,0,0,0,IL,CST-6,EG,138780,C,31,LOT,0,0,Social Media, , , ,0,N,0,N,MATTESON,41.5,-87.7,41.5,-87.7,"Numerous trees were damaged with tree limbs blown down.","Scattered thunderstorms developed across northern Illinois during the evening hours of June 26th producing large hail and wind damage.  These thunderstorms then produced heavy rain which caused flash flooding in the southern suburbs of the Chicago Metro area into the early morning hours of June 27th.",50
838323,COOK CO.,CHICAGO HAMMOND ARPT,06/26/2019,2345,Flash Flood, , ,0,0,0,0,IL,CST-6, ,138780,C,31,LOT,0,0,Emergency Manager,Heavy Rain, , ,2,SSW,2,ESE,SAUK VLG,41.4966,-87.5399,41.4693,-87.5399,"Burnham Avenue was closed near Plum Creek Forest Preserve due to flooding.","Scattered thunderstorms developed across northern Illinois during the evening hours of June 26th producing large hail and wind damage.  These thunderstorms then produced heavy rain which caused flash flooding in the southern suburbs of the Chicago Metro area into the early morning hours of June 27th.",51
838624,COOK CO.,OLYMPIA FIELDS,06/26/2019,2345,Flash Flood, , ,0,0,0,0,IL,CST-6, ,138780,C,31,LOT,0,0,Emergency Manager,Heavy Rain, , ,1,W,0,SW,RICHTON PARK,41.5188,-87.7254,41.4751,-87.7254,"Flooding of unknown severity was reported in Matteson, Park Forest, Olympia Fields and Richton Park.","Scattered thunderstorms developed across northern Illinois during the evening hours of June 26th producing large hail and wind damage.  These thunderstorms then produced heavy rain which caused flash flooding in the southern suburbs of the Chicago Metro area into the early morning hours of June 27th.",52
838627,COOK CO.,PARK FOREST,06/27/2019,0,Flash Flood, , ,0,0,0,0,IL,CST-6, ,138780,C,31,LOT,0,0,Broadcast Media,Heavy Rain, , ,0,SE,1,SSE,PARK FOREST,41.4766,-87.6735,41.4726,-87.6735,"Several cars got stuck in flood waters on Sauk Trail east of Western Avenue.  One water rescue was reported where a fire truck was positioned for a driver to step into the truck.","Scattered thunderstorms developed across northern Illinois during the evening hours of June 26th producing large hail and wind damage.  These thunderstorms then produced heavy rain which caused flash flooding in the southern suburbs of the Chicago Metro area into the early morning hours of June 27th.",53
838631,COOK CO.,CHICAGO HGTS,06/27/2019,0,Flash Flood, , ,0,0,0,0,IL,CST-6, ,138780,C,31,LOT,0,0,Social Media,Heavy Rain, , ,1,WSW,1,WSW,CHICAGO HGTS,41.4931,-87.6548,41.4912,-87.6554,"Photos showed Thorn Creek flowing over 26th Street.","Scattered thunderstorms developed across northern Illinois during the evening hours of June 26th producing large hail and wind damage.  These thunderstorms then produced heavy rain which caused flash flooding in the southern suburbs of the Chicago Metro area into the early morning hours of June 27th.",54
838345,COOK CO.,PARK FOREST SOUTH,06/27/2019,400,Heavy Rain, , ,0,0,0,0,IL,CST-6, ,138780,C,31,LOT,0,0,CoCoRaHS, , , ,1,E,1,E,PARK FOREST SOUTH,41.47,-87.7,41.47,-87.7,"Storm total rainfall of 3.56 inches was measured.","Scattered thunderstorms developed across northern Illinois during the evening hours of June 26th producing large hail and wind damage.  These thunderstorms then produced heavy rain which caused flash flooding in the southern suburbs of the Chicago Metro area into the early morning hours of June 27th.",55
834548,COOK CO.,LEMONT,06/28/2019,1704,Hail,1.00, ,0,0,0,0,IL,CST-6, ,138785,C,31,LOT,0,0,Social Media, , , ,2,S,2,S,LEMONT,41.64,-88,41.64,-88,"","Scattered thunderstorms moved across parts of northeast Illinois during the late afternoon and early evening of June 28th producing large hail.",56
834547,COOK CO.,LEMONT,06/28/2019,1712,Hail,1.00, ,0,0,0,0,IL,CST-6, ,138785,C,31,LOT,0,0,Emergency Manager, , , ,2,SE,2,SE,LEMONT,41.6567,-87.9755,41.6567,-87.9755,"","Scattered thunderstorms moved across parts of northeast Illinois during the late afternoon and early evening of June 28th producing large hail.",57
834550,COOK CO.,LEMONT,06/28/2019,1712,Hail,1.75, ,0,0,0,0,IL,CST-6, ,138785,C,31,LOT,0,0,Trained Spotter, , , ,2,SE,2,SE,LEMONT,41.65,-87.98,41.65,-87.98,"","Scattered thunderstorms moved across parts of northeast Illinois during the late afternoon and early evening of June 28th producing large hail.",58
834551,COOK CO.,DEERING,06/28/2019,1750,Hail,1.25, ,0,0,0,0,IL,CST-6, ,138785,C,31,LOT,0,0,Public, , , ,1,NE,1,NE,DEERING,41.94,-87.65,41.94,-87.65,"","Scattered thunderstorms moved across parts of northeast Illinois during the late afternoon and early evening of June 28th producing large hail.",59
834552,COOK CO.,DEERING,06/28/2019,1750,Hail,1.25, ,0,0,0,0,IL,CST-6, ,138785,C,31,LOT,0,0,Social Media, , , ,2,NE,2,NE,DEERING,41.95,-87.64,41.95,-87.64,"","Scattered thunderstorms moved across parts of northeast Illinois during the late afternoon and early evening of June 28th producing large hail.",60
838349,COOK CO.,PARK FOREST,06/30/2019,500,Heavy Rain, , ,0,0,0,0,IL,CST-6, ,138780,C,31,LOT,0,0,Trained Spotter, , , ,1,W,1,W,PARK FOREST,41.48,-87.7,41.48,-87.7,"Storm total rainfall of 4.11 inches was measured.","Scattered thunderstorms developed across northern Illinois during the evening hours of June 26th producing large hail and wind damage.  These thunderstorms then produced heavy rain which caused flash flooding in the southern suburbs of the Chicago Metro area into the early morning hours of June 27th.",61
834959,COOK CO.,ARLINGTON PARK,06/30/2019,1235,Thunderstorm Wind,50.00, ,0,0,0,0,IL,CST-6,EG,138786,C,31,LOT,0,0,Public, , , ,1,NE,1,NE,ARLINGTON PARK,42.1102,-88.0034,42.1102,-88.0034,"Numerous tree limbs, up to six inches in diameter, were blown down in the vicinity of Palatine Road and Route 53.","A powerful line of thunderstorms moved across northern Illinois during the afternoon of June 30th producing wind damage.",62
835003,COOK CO.,ELK GROVE VLG,06/30/2019,1245,Thunderstorm Wind,50.00, ,0,0,0,0,IL,CST-6,EG,138786,C,31,LOT,0,0,Broadcast Media, , , ,2,SSW,2,SSW,ELK GROVE VLG,41.9929,-88.0007,41.9929,-88.0007,"A large commercial sign was blown down onto a car.","A powerful line of thunderstorms moved across northern Illinois during the afternoon of June 30th producing wind damage.",63
836310,COOK CO.,(ORD)O'HARE INTL ARP,06/30/2019,1252,Thunderstorm Wind,52.00, ,0,0,0,0,IL,CST-6,MG,138786,C,31,LOT,0,0,ASOS, , , ,0,N,0,N,(ORD)O'HARE INTL ARP,41.98,-87.9,41.98,-87.9,"","A powerful line of thunderstorms moved across northern Illinois during the afternoon of June 30th producing wind damage.",64
836311,COOK CO.,(ORD)O'HARE INTL ARP,06/30/2019,1301,Thunderstorm Wind,52.00, ,0,0,0,0,IL,CST-6,MG,138786,C,31,LOT,0,0,ASOS, , , ,0,N,0,N,(ORD)O'HARE INTL ARP,41.98,-87.9,41.98,-87.9,"","A powerful line of thunderstorms moved across northern Illinois during the afternoon of June 30th producing wind damage.",65
838849,COOK CO.,BARRINGTON HILLS,07/02/2019,1810,Thunderstorm Wind,56.00, ,0,0,0,0,IL,CST-6,EG,139454,C,31,LOT,0,0,Law Enforcement, , , ,1,S,1,S,BARRINGTON HILLS,42.12,-88.18,42.12,-88.18,"Trees were blown down.","Thunderstorms moved across much of northern Illinois during the evening of July 2nd producing large hail, wind damage and heavy rain which led to flooding.",66
838863,COOK CO.,LA GRANGE PARK,07/02/2019,1829,Heavy Rain, , ,0,0,0,0,IL,CST-6, ,139454,C,31,LOT,0,0,Public, , , ,1,S,1,S,LA GRANGE PARK,41.81,-87.9,41.81,-87.9,"Rainfall of 3.38 inches was measured in one hour near downtown Western Springs.","Thunderstorms moved across much of northern Illinois during the evening of July 2nd producing large hail, wind damage and heavy rain which led to flooding.",67
838857,COOK CO.,BERWYN,07/02/2019,1915,Flash Flood, , ,0,0,0,0,IL,CST-6, ,139454,C,31,LOT,0,0,Law Enforcement,Heavy Rain, , ,2,NE,1,E,BERWYN,41.8636,-87.7258,41.8529,-87.7258,"Numerous viaducts were completely submerged and impassable, particularly in the North Lawndale neighborhood.","Thunderstorms moved across much of northern Illinois during the evening of July 2nd producing large hail, wind damage and heavy rain which led to flooding.",68
838861,COOK CO.,CICERO,07/02/2019,1915,Flood, , ,0,0,0,0,IL,CST-6, ,139454,C,31,LOT,0,0,Broadcast Media,Heavy Rain, , ,1,S,1,S,CICERO,41.8224,-87.7292,41.8211,-87.7284,"Up to one foot of water was covering all lanes of Interstate 55 near Pulaski Road.","Thunderstorms moved across much of northern Illinois during the evening of July 2nd producing large hail, wind damage and heavy rain which led to flooding.",69
838860,COOK CO.,CICERO,07/02/2019,1915,Flood, , ,0,0,0,0,IL,CST-6, ,139454,C,31,LOT,0,0,Broadcast Media,Heavy Rain, , ,1,S,1,S,CICERO,41.8224,-87.7292,41.8211,-87.7284,"Up to one foot of water was covering all lanes of Interstate 55 near Pulaski Road.","Thunderstorms moved across much of northern Illinois during the evening of July 2nd producing large hail, wind damage and heavy rain which led to flooding.",70
838855,COOK CO.,AUBURN PARK,07/02/2019,1935,Thunderstorm Wind,55.00, ,0,0,0,0,IL,CST-6,EG,139454,C,31,LOT,0,0,Law Enforcement, , , ,1,N,1,N,AUBURN PARK,41.7642,-87.653,41.7642,-87.653,"A large tree was blown down on May Street.","Thunderstorms moved across much of northern Illinois during the evening of July 2nd producing large hail, wind damage and heavy rain which led to flooding.",71
838859,COOK CO.,WESTCHESTER,07/02/2019,1935,Flash Flood, , ,0,0,0,0,IL,CST-6, ,139454,C,31,LOT,0,0,Public,Heavy Rain, , ,1,S,0,NNW,CONGRESS PARK,41.8392,-87.8728,41.8268,-87.8728,"Several roads were blocked by flooding approximately one foot deep.","Thunderstorms moved across much of northern Illinois during the evening of July 2nd producing large hail, wind damage and heavy rain which led to flooding.",72
839123,COOK CO.,PHOENIX,07/13/2019,1900,Flood, , ,0,0,0,0,IL,CST-6, ,139497,C,31,LOT,0,0,Social Media,Heavy Rain, , ,1,NNE,0,SE,PHOENIX,41.6065,-87.6157,41.5956,-87.6157,"Minor residential street flooding was reported in South Holland.","A severe thunderstorm moved across portions of northeast Illinois during the evening of July 13th.",73
839126,COOK CO.,ALPINE,07/13/2019,1916,Thunderstorm Wind,61.00, ,0,0,0,0,IL,CST-6,EG,139497,C,31,LOT,0,0,Broadcast Media, , , ,1,ESE,1,WSW,LANSING,41.5762,-87.5701,41.5629,-87.5645,"Numerous trees, tree limbs and power lines were blown down south of Interstate 80/94 through Thornton Road, on the west side of Lansing.","A severe thunderstorm moved across portions of northeast Illinois during the evening of July 13th.",74
839158,COOK CO.,HARWOOD HGTS,07/18/2019,650,Heavy Rain, , ,0,0,0,0,IL,CST-6, ,139487,C,31,LOT,0,0,Public, , , ,1,S,1,S,HARWOOD HGTS,41.95,-87.78,41.95,-87.78,"Rainfall of 1.90 inches was measured in one hour.","Heavy rain fell across parts of northeast Illinois during the morning of July 18th which resulted in some flooding.",75
839160,COOK CO.,NILES,07/18/2019,755,Heavy Rain, , ,0,0,0,0,IL,CST-6, ,139487,C,31,LOT,0,0,Public, , , ,1,SW,1,SW,NILES,42.02,-87.82,42.02,-87.82,"Rainfall of 1.20 inches was measured in 30 minutes.","Heavy rain fell across parts of northeast Illinois during the morning of July 18th which resulted in some flooding.",76
839155,COOK CO.,MC COOK,07/18/2019,830,Flood, , ,0,0,0,0,IL,CST-6, ,139487,C,31,LOT,0,0,Law Enforcement,Heavy Rain, , ,0,ESE,0,SE,MC COOK,41.7777,-87.814,41.7755,-87.8154,"Archer Road was closed under an underpass near 63rd Street due to flooding.","Heavy rain fell across parts of northeast Illinois during the morning of July 18th which resulted in some flooding.",77
847029,COOK (ZONE), ,07/18/2019,1700,Excessive Heat, , ,0,0,0,0,IL,CST-6, ,139488,Z,14,LOT,0,0,ASOS, , , , , , , , , , , , ,"","Hot and humid conditions spread into northern Illinois during the late afternoon and early evening of July 18th and persisted through the late afternoon of July 20th when a cold front moved south across northern Illinois.  High temperatures reached the lower to middle 90s on July 19th and in the middle 90s on July 20th.  Peak afternoon heat indices were between 110 to 115 both days.",78
848917,COOK CO.,LA GRANGE HIGHLANDS,08/13/2019,1800,Thunderstorm Wind,50.00, ,0,0,0,0,IL,CST-6,EG,141026,C,31,LOT,0,0,Public, , , ,1,SSE,1,W,WESTERN SPRINGS,41.7719,-87.9154,41.7792,-87.8977,"Large tree limbs up to 6 inches in diameter were blown down along Plainfield Road between County Line and Wolf Roads.","Scattered thunderstorms moved across parts of northeast Illinois during the evening of August 13th.",79
849038,COOK CO.,ELGIN,08/18/2019,610,Thunderstorm Wind,50.00, ,0,0,0,0,IL,CST-6,EG,141030,C,31,LOT,0,0,Social Media, , , ,2,E,2,E,ELGIN,42.03,-88.25,42.03,-88.25,"A large tree limb was blown down.","Scattered thunderstorms moved across parts of northeast Illinois during the morning of August 18th.",80
849036,COOK CO.,BURBANK,08/18/2019,645,Heavy Rain, , ,0,0,0,0,IL,CST-6, ,141030,C,31,LOT,0,0,COOP Observer, , , ,1,NW,1,NW,BURBANK,41.74,-87.78,41.74,-87.78,"Rainfall of 1.01 inches was measured in 15 minutes.","Scattered thunderstorms moved across parts of northeast Illinois during the morning of August 18th.",81
849033,COOK CO.,NILES,08/18/2019,730,Thunderstorm Wind,50.00, ,0,0,0,0,IL,CST-6,EG,141030,C,31,LOT,0,0,Law Enforcement, , , ,0,N,0,N,NILES,42.03,-87.8,42.03,-87.8,"Tree damage was reported in Niles.","Scattered thunderstorms moved across parts of northeast Illinois during the morning of August 18th.",82
849037,COOK CO.,HANSON PARK,08/18/2019,730,Flood, , ,0,0,0,0,IL,CST-6, ,141030,C,31,LOT,0,0,Social Media,Heavy Rain, , ,1,SE,1,SE,HANSON PARK,41.8874,-87.8052,41.8865,-87.8051,"Southbound Harlem Avenue was closed due to flooding at the North Boulevard underpass.","Scattered thunderstorms moved across parts of northeast Illinois during the morning of August 18th.",83
849034,COOK CO.,DEERING,08/18/2019,745,Flood, , ,0,0,0,0,IL,CST-6, ,141030,C,31,LOT,0,0,Social Media,Heavy Rain, , ,0,SW,1,NW,CLYBOURN,41.9261,-87.6777,41.9245,-87.6776,"About one foot of standing water was reported on Elston Avenue near Fullerton Avenue.","Scattered thunderstorms moved across parts of northeast Illinois during the morning of August 18th.",84
849040,COOK CO.,CLYBOURN,08/18/2019,750,Thunderstorm Wind,50.00, ,0,0,0,0,IL,CST-6,EG,141030,C,31,LOT,0,0,Social Media, , , ,2,E,2,E,CLYBOURN,41.9202,-87.6396,41.9202,-87.6396,"A large tree limb was blown down.","Scattered thunderstorms moved across parts of northeast Illinois during the morning of August 18th.",85
849035,COOK CO.,CLYBOURN,08/18/2019,800,Flood, , ,0,0,0,0,IL,CST-6, ,141030,C,31,LOT,0,0,NWS Employee,Heavy Rain, , ,2,ESE,2,ESE,CLYBOURN,41.913,-87.6272,41.9124,-87.6269,"Minor flooding was reported on La Salle Drive under Lake Shore Drive.","Scattered thunderstorms moved across parts of northeast Illinois during the morning of August 18th.",86
847983,COOK (ZONE), ,08/22/2019,1250,Rip Current, , ,1,0,0,0,IL,CST-6, ,141033,Z,14,LOT,0,0,Broadcast Media, , , , , , , , , , , , ,"","An 11 year old girl was swept into Lake Michigan by high waves while standing on a breakwall in the 700 block of East 31st Drive in Chicago.  A 35 year old man jumped into Lake Michigan to help her.  Both people were pulled out of the lake by lifeguards and firefighters.  The 11 year girl was in good condition and survived.  The 35 year old man was found unresponsive in the water and later died at a nearby hospital.  Waves 5 to 6 feet were reported at the Wilmette buoy.",87
857083,COOK CO.,VALLEY,09/13/2019,300,Flood, , ,0,0,0,0,IL,CST-6, ,142795,C,31,LOT,0,0,County Official,Heavy Rain, , ,0,NNW,1,SSE,VALLEY,42.153,-87.8222,42.137,-87.8133,"The North Branch Chicago River overflowed its banks, which caused flooding along Lake Cook Road.  Dundee Road was closed at Lee Road.","Thunderstorms produced heavy rain across portions of northern Illinois which lead to widespread flooding and areas of flash flooding during the early morning hours of September 13th.",88
857864,COOK CO.,LEMONT,09/27/2019,2000,Flash Flood, , ,0,0,0,0,IL,CST-6, ,142840,C,31,LOT,0,0,Trained Spotter,Heavy Rain, , ,2,WSW,2,SW,LEMONT,41.6656,-88.0286,41.6416,-88.028,"Flash flooding occurred in many areas in southern Cook County.  Volmer Road was flooded and closed between Kedzie and Western near Olympia Fields.  Cars were submerged in a Metra Station parking lot near Flossmoor.  All lanes of Interstate 57 were flooded in an underpass near Matteson.  Storm total rainfall amounts included 6.75 inches in Park Forest; 6.73 inches one mile southwest of Country Club Hills; 6.36 inches one mile east southeast of Flossmoor; 5.91 inches in Flossmoor; 5.65 inches one mile north northeast of Park Forest; 4.72 inches in Lansing and 4.63 inches in Homewood.","Several rounds of thunderstorms moved across northeast Illinois during the afternoon and evening of September 27th producing torrential rain and widespread flash flooding.  Some of the thunderstorms also produced large hail and some wind damage.",89
859162,COOK CO.,(ORD)O'HARE INTL ARP,10/02/2019,2330,Flood, , ,0,0,0,0,IL,CST-6, ,143228,C,31,LOT,0,0,Department of Highways,Heavy Rain, , ,0,W,0,WSW,(ORD)O'HARE INTL ARP,41.9802,-87.9031,41.9783,-87.9057,"The entrance to the main parking garage at O'Hare Airport was flooded and closed.  Traffic was rerouted to a parking lot.","Heavy rain fell across northeast Cook County and the north side of the City of Chicago during the late evening of October 2nd into the early morning of October 3rd causing flash flooding.  Storm total rainfall amounts included 2.32 inches two miles west southwest of Elk Grove Village; 2.19 inches one mile north of Norridge; 2.17 inches two miles west northwest of Lakeview; 2.14 inches at O'Hare Airport; 2.12 inches two miles west northwest of Glenview; 2.08 inches two miles east of Albany Park and 2.04 inches one mile southwest of Rogers Park.",90
859158,COOK CO.,HANSON PARK,10/02/2019,2338,Flash Flood, , ,0,0,0,0,IL,CST-6, ,143228,C,31,LOT,0,0,Law Enforcement,Heavy Rain, , ,1,W,2,NNW,NAVY PIER,41.9013,-87.8298,41.9117,-87.6251,"Lake Shore Drive was closed for several miles on the north side of Chicago due to flash flooding including multiple vehicles stuck in flood waters.  Multiple viaducts were also flooded with stranded vehicles including at Lake Shore Drive and Foster and Lake Shore Drive and Fullerton.  Widespread street flooding was reported in many areas with four feet of water at the intersection of Fullerton and Elston.  Two to three feet of flood water was reported in roadways in Elmwood Park including 74th Avenue, 74th Court, Altgeld Street and near Diversey and Harlem.  Flood waters one feet deep were reported on the shoulder of Interstate 90/94.","Heavy rain fell across northeast Cook County and the north side of the City of Chicago during the late evening of October 2nd into the early morning of October 3rd causing flash flooding.  Storm total rainfall amounts included 2.32 inches two miles west southwest of Elk Grove Village; 2.19 inches one mile north of Norridge; 2.17 inches two miles west northwest of Lakeview; 2.14 inches at O'Hare Airport; 2.12 inches two miles west northwest of Glenview; 2.08 inches two miles east of Albany Park and 2.04 inches one mile southwest of Rogers Park.",91
859161,COOK CO.,MANNHEIM,10/03/2019,100,Flood, , ,0,0,0,0,IL,CST-6, ,143228,C,31,LOT,0,0,Public,Heavy Rain, , ,1,S,1,SE,MANNHEIM,41.9102,-87.8999,41.9104,-87.8903,"Addison Creek was out of its banks in Stone Park due to heavy rain.","Heavy rain fell across northeast Cook County and the north side of the City of Chicago during the late evening of October 2nd into the early morning of October 3rd causing flash flooding.  Storm total rainfall amounts included 2.32 inches two miles west southwest of Elk Grove Village; 2.19 inches one mile north of Norridge; 2.17 inches two miles west northwest of Lakeview; 2.14 inches at O'Hare Airport; 2.12 inches two miles west northwest of Glenview; 2.08 inches two miles east of Albany Park and 2.04 inches one mile southwest of Rogers Park.",92
859229,COOK CO.,ELK GROVE,10/26/2019,1800,Flood, , ,0,0,0,0,IL,CST-6, ,143237,C,31,LOT,0,0,Public,Heavy Rain, , ,1,ESE,4,WSW,FERNWAY,41.9974,-87.9184,41.557,-87.9076,"The entrance to the main parking garage at O'Hare Airport was closed due to a flooded roadway.  Flooding was reported across all lanes of southbound Interstate 55 between Kedzie and Pulaski.  Street flooding with one to two feet of water was reported along Touhy Avenue in the Rogers Park area.  Stalled cars were reported in flood waters at southbound 1st Avenue just past Roosevelt Road.  A vehicle was stuck in flood waters on south Halsted.  Standing water over one foot deep was reported in Westchester.  Residential street flooding was reported near 174th and Osceola Avenue in Tinley Park.","Heavy rain fell across much of northern Illinois from late afternoon through late evening on October 26th producing flooding.  Storm total rainfall amounts included 3.65 inches one mile southeast of Lockport; 3.61 inches near Minooka; 3.52 inches three miles southwest of Midway Airport; 3.30 inches near Countryside; 3.26 inches at the National Weather Service office in Romeoville; 3.21 inches near Oak Lawn; 3.14 inches in the McKinley neighborhood in Chicago; 3.09 inches three miles east southeast of Plainfield; 2.90 inches near Riverside; 2.88 inches near Homer Glenn; 2.74 inches one mile southwest of Rogers Park; 2.68 inches two miles southeast of Elmhurst; 2.67 inches near Peotone; 2.29 inches at Midway Airport and 2.22 inches at O'Hare Airport.",93
859234,COOK (ZONE), ,10/31/2019,0,Lakeshore Flood, , ,0,0,0,0,IL,CST-6, ,143245,Z,14,LOT,0,0,Social Media, , , , , , , , , , , , ,"","Strong northerly winds as high as 45 mph produced waves as high as 11 feet along the Lake Michigan shore of northeast Illinois.  These high waves combined with high lake levels produced flooding, erosion and damage.  In Lake County, 10 to 20 feet of beach was lost through erosion in parts of Illinois Beach State Park.  Beach erosion at the Waukegan Municipal Beach and Dunes exposed tree roots.  Boat and dock damage was reported at the Naval Station, Great Lakes.  Beach erosion caused parking lot damage at Park Avenue Beach in Highland Park.  In Cook County, a pier was damaged at Glencoe Beach.  Beach erosion and concrete wall damage occurred at Juneway Beach and Howard Park Beach in the Rogers Park neighborhood of Chicago.  A deck attached to a building in Rogers Park was damaged beyond repair.  Flooding also occurred on the Chicago Park District bike path in Chicago.",94
859270,COOK (ZONE), ,10/31/2019,600,Winter Weather, , ,0,0,0,0,IL,CST-6, ,143248,Z,14,LOT,0,0,Trained Spotter, , , , , , , , , , , , ,"","An early season winter storm moved across northern Illinois on October 31st, ending in the mid to late afternoon.  Storm total snowfall amounts included 7.1 inches three miles west northwest of Bull Valley; 7.0 inches two miles north northeast of Woodstock; 6.3 inches one mile north northeast of Mundelein; 6.2 inches one mile south of Highwood; 6.0 inches two miles north of Buffalo Grove; 6.0 inches one mile west northwest of Wonder Lake; 5.8 inches one mile south southwest of Green Oaks; 5.5 inches two miles east southeast of Roscoe; 5.3 inches four miles east northeast of Winnebago; 5.1 inches in De Kalb; 5.0 inches in Elburn; 5.0 inches one mile northwest of South Elgin and 4.6 inches one mile northwest of Rockford.  Chicago O'Hare Airport reported 3.4 inches on October 31st, a new record snowfall for the day.  Rockford Airport reported 3.7 inches on October 31st, also a record for the day.",95
